INSERT INTO `algorithm`.`sensors`(id, name, ip, created_at, updated_at) VALUES (1,'Lk3BAxDqvm','192.168.100.53','2016-12-06 14:16:11','2016-12-06 14:16:11'),(2,'xr-test1','unknown','2016-12-06 14:18:54','2016-12-06 14:18:54'),(3,'xr-test','unknown','2016-12-13 16:51:01','2016-12-13 16:51:01');

INSERT INTO `algorithm`.`vul_reports`(id, sensor_id, host_ip, created_at, updated_at) VALUES (1,'2','192.168.200.10\n','2016-12-06 14:18:54','2016-12-06 14:18:54'),(2,'2','192.168.200.151\n','2016-12-06 14:18:54','2016-12-06 14:18:54'),(3,'2','192.168.200.51\n','2016-12-06 14:18:54','2016-12-06 14:18:54'),(4,'2','192.168.200.2\n','2016-12-06 14:18:55','2016-12-06 14:18:55'),(5,'2','192.168.200.5\n','2016-12-06 14:18:55','2016-12-06 14:18:55'),(6,'2','192.168.200.202\n','2016-12-06 14:18:55','2016-12-06 14:18:55'),(7,'2','192.168.200.203\n','2016-12-06 14:18:55','2016-12-06 14:18:55'),(8,'2','192.168.200.99\n','2016-12-06 14:18:55','2016-12-06 14:18:55'),(9,'2','192.168.200.165\n','2016-12-06 14:18:55','2016-12-06 14:18:55'),(10,'2','192.168.200.11\n','2016-12-06 14:18:55','2016-12-06 14:18:55'),(11,'2','192.168.200.66\n','2016-12-06 14:18:55','2016-12-06 14:18:55'),(12,'3','192.168.200.10\n','2016-12-13 16:51:01','2016-12-13 16:51:01'),(13,'3','192.168.200.151\n','2016-12-13 16:51:01','2016-12-13 16:51:01'),(14,'3','192.168.200.51\n','2016-12-13 16:51:01','2016-12-13 16:51:01'),(15,'3','192.168.200.2\n','2016-12-13 16:51:01','2016-12-13 16:51:01'),(16,'3','192.168.200.5\n','2016-12-13 16:51:01','2016-12-13 16:51:01'),(17,'3','192.168.200.202\n','2016-12-13 16:51:01','2016-12-13 16:51:01'),(18,'3','192.168.200.203\n','2016-12-13 16:51:01','2016-12-13 16:51:01'),(19,'3','192.168.200.99\n','2016-12-13 16:51:02','2016-12-13 16:51:02'),(20,'3','192.168.200.165\n','2016-12-13 16:51:02','2016-12-13 16:51:02'),(21,'3','192.168.200.11\n','2016-12-13 16:51:02','2016-12-13 16:51:02'),(22,'3','192.168.200.66\n','2016-12-13 16:51:02','2016-12-13 16:51:02');

INSERT INTO `algorithm`.`vul_report_records`(id, vul_report_id, port_name, port_proto, threat, cves, description, created_at, updated_at) VALUES (1,'1','5989','tcp','Medium','[\"CVE-2013-2566\",\"CVE-2015-4000\",\"CVE-2016-2183\"]','','2016-12-06 14:18:54','2016-12-06 14:18:54'),(2,'1','9002','tcp','Medium','[]','','2016-12-06 14:18:54','2016-12-06 14:18:54'),(3,'1','general','tcp','Low','[]','','2016-12-06 14:18:54','2016-12-06 14:18:54'),(4,'1','9999','tcp','Medium','[]','','2016-12-06 14:18:54','2016-12-06 14:18:54'),(5,'1','22','tcp','Medium','[]','','2016-12-06 14:18:54','2016-12-06 14:18:54'),(6,'1','22','tcp','Medium','[]','','2016-12-06 14:18:54','2016-12-06 14:18:54'),(7,'1','9999','tcp','Low','[]','','2016-12-06 14:18:54','2016-12-06 14:18:54'),(8,'1','22','tcp','Low','[]','','2016-12-06 14:18:54','2016-12-06 14:18:54'),(9,'1','22','tcp','Low','[]','','2016-12-06 14:18:54','2016-12-06 14:18:54'),(10,'1','general','tcp','Low','[]','','2016-12-06 14:18:54','2016-12-06 14:18:54'),(11,'1','general','tcp','Low','[]','','2016-12-06 14:18:54','2016-12-06 14:18:54'),(12,'2','5989','tcp','Medium','[\"CVE-2013-2566\",\"CVE-2015-4000\",\"CVE-2016-2183\"]','','2016-12-06 14:18:54','2016-12-06 14:18:54'),(13,'2','5989','tcp','Medium','[\"CVE-2013-2566\",\"CVE-2015-4000\",\"CVE-2016-2183\"]','','2016-12-06 14:18:54','2016-12-06 14:18:54'),(14,'2','3389','tcp','Medium','[\"CVE-2013-2566\",\"CVE-2015-4000\",\"CVE-2016-2183\"]','','2016-12-06 14:18:54','2016-12-06 14:18:54'),(15,'2','3389','tcp','Medium','[\"CVE-2013-2566\",\"CVE-2015-4000\",\"CVE-2016-2183\"]','','2016-12-06 14:18:54','2016-12-06 14:18:54'),(16,'2','135','tcp','Medium','[]','','2016-12-06 14:18:54','2016-12-06 14:18:54'),(17,'2','135','tcp','Medium','[]','','2016-12-06 14:18:54','2016-12-06 14:18:54'),(18,'2','135','tcp','Medium','[]','','2016-12-06 14:18:54','2016-12-06 14:18:54'),(19,'2','135','tcp','Medium','[]','','2016-12-06 14:18:54','2016-12-06 14:18:54'),(20,'2','9000','tcp','Medium','[]','','2016-12-06 14:18:54','2016-12-06 14:18:54'),(21,'2','4567','tcp','Medium','[]','','2016-12-06 14:18:54','2016-12-06 14:18:54'),(22,'2','9002','tcp','Medium','[]','','2016-12-06 14:18:54','2016-12-06 14:18:54'),(23,'2','9002','tcp','Medium','[]','','2016-12-06 14:18:54','2016-12-06 14:18:54'),(24,'2','3306','tcp','High','[]','','2016-12-06 14:18:54','2016-12-06 14:18:54'),(25,'2','general','tcp','Low','[]','','2016-12-06 14:18:54','2016-12-06 14:18:54'),(26,'2','445','tcp','High','[]','','2016-12-06 14:18:54','2016-12-06 14:18:54'),(27,'2','445','tcp','High','[]','','2016-12-06 14:18:54','2016-12-06 14:18:54'),(28,'2','9999','tcp','Medium','[]','','2016-12-06 14:18:54','2016-12-06 14:18:54'),(29,'2','22','tcp','Medium','[]','','2016-12-06 14:18:54','2016-12-06 14:18:54'),(30,'2','22','tcp','Medium','[]','','2016-12-06 14:18:54','2016-12-06 14:18:54'),(31,'2','22','tcp','Medium','[]','','2016-12-06 14:18:54','2016-12-06 14:18:54'),(32,'2','22','tcp','Medium','[]','','2016-12-06 14:18:54','2016-12-06 14:18:54'),(33,'2','22','tcp','Medium','[]','','2016-12-06 14:18:54','2016-12-06 14:18:54'),(34,'2','9999','tcp','Low','[]','','2016-12-06 14:18:54','2016-12-06 14:18:54'),(35,'2','22','tcp','Low','[]','','2016-12-06 14:18:54','2016-12-06 14:18:54'),(36,'2','22','tcp','Low','[]','','2016-12-06 14:18:54','2016-12-06 14:18:54'),(37,'2','22','tcp','Low','[]','','2016-12-06 14:18:54','2016-12-06 14:18:54'),(38,'2','22','tcp','Low','[]','','2016-12-06 14:18:54','2016-12-06 14:18:54'),(39,'2','22','tcp','Low','[]','','2016-12-06 14:18:54','2016-12-06 14:18:54'),(40,'2','3389','tcp','Medium','[]','','2016-12-06 14:18:54','2016-12-06 14:18:54'),(41,'2','443','tcp','Medium','[]','','2016-12-06 14:18:54','2016-12-06 14:18:54'),(42,'2','general','tcp','Low','[]','','2016-12-06 14:18:54','2016-12-06 14:18:54'),(43,'2','general','tcp','Low','[]','','2016-12-06 14:18:54','2016-12-06 14:18:54'),(44,'2','general','tcp','Low','[]','','2016-12-06 14:18:54','2016-12-06 14:18:54'),(45,'2','general','tcp','Low','[]','','2016-12-06 14:18:54','2016-12-06 14:18:54'),(46,'2','general','tcp','Low','[]','','2016-12-06 14:18:54','2016-12-06 14:18:54'),(47,'2','general','tcp','Low','[]','','2016-12-06 14:18:54','2016-12-06 14:18:54'),(48,'3','5989','tcp','Medium','[\"CVE-2013-2566\",\"CVE-2015-4000\",\"CVE-2016-2183\"]','','2016-12-06 14:18:54','2016-12-06 14:18:54'),(49,'3','5989','tcp','Medium','[\"CVE-2013-2566\",\"CVE-2015-4000\",\"CVE-2016-2183\"]','','2016-12-06 14:18:54','2016-12-06 14:18:54'),(50,'3','9000','tcp','Medium','[]','','2016-12-06 14:18:54','2016-12-06 14:18:54'),(51,'3','4567','tcp','Medium','[]','','2016-12-06 14:18:54','2016-12-06 14:18:54'),(52,'3','9002','tcp','Medium','[]','','2016-12-06 14:18:54','2016-12-06 14:18:54'),(53,'3','3306','tcp','High','[]','','2016-12-06 14:18:55','2016-12-06 14:18:55'),(54,'3','general','tcp','Low','[]','','2016-12-06 14:18:55','2016-12-06 14:18:55'),(55,'3','9999','tcp','Medium','[]','','2016-12-06 14:18:55','2016-12-06 14:18:55'),(56,'3','22','tcp','Medium','[]','','2016-12-06 14:18:55','2016-12-06 14:18:55'),(57,'3','22','tcp','Medium','[]','','2016-12-06 14:18:55','2016-12-06 14:18:55'),(58,'3','22','tcp','Medium','[]','','2016-12-06 14:18:55','2016-12-06 14:18:55'),(59,'3','22','tcp','Medium','[]','','2016-12-06 14:18:55','2016-12-06 14:18:55'),(60,'3','9999','tcp','Low','[]','','2016-12-06 14:18:55','2016-12-06 14:18:55'),(61,'3','22','tcp','Low','[]','','2016-12-06 14:18:55','2016-12-06 14:18:55'),(62,'3','22','tcp','Low','[]','','2016-12-06 14:18:55','2016-12-06 14:18:55'),(63,'3','22','tcp','Low','[]','','2016-12-06 14:18:55','2016-12-06 14:18:55'),(64,'3','22','tcp','Low','[]','','2016-12-06 14:18:55','2016-12-06 14:18:55'),(65,'3','general','tcp','Low','[]','','2016-12-06 14:18:55','2016-12-06 14:18:55'),(66,'3','general','tcp','Low','[]','','2016-12-06 14:18:55','2016-12-06 14:18:55'),(67,'3','general','tcp','Low','[]','','2016-12-06 14:18:55','2016-12-06 14:18:55'),(68,'3','general','tcp','Low','[]','','2016-12-06 14:18:55','2016-12-06 14:18:55'),(69,'4','9002','tcp','Medium','[]','','2016-12-06 14:18:55','2016-12-06 14:18:55'),(70,'4','general','tcp','Low','[]','','2016-12-06 14:18:55','2016-12-06 14:18:55'),(71,'4','9999','tcp','Medium','[]','','2016-12-06 14:18:55','2016-12-06 14:18:55'),(72,'4','22','tcp','Medium','[]','','2016-12-06 14:18:55','2016-12-06 14:18:55'),(73,'4','9999','tcp','Low','[]','','2016-12-06 14:18:55','2016-12-06 14:18:55'),(74,'4','22','tcp','Low','[]','','2016-12-06 14:18:55','2016-12-06 14:18:55'),(75,'4','general','tcp','Low','[]','','2016-12-06 14:18:55','2016-12-06 14:18:55'),(76,'5','9002','tcp','Medium','[]','','2016-12-06 14:18:55','2016-12-06 14:18:55'),(77,'5','general','tcp','Low','[]','','2016-12-06 14:18:55','2016-12-06 14:18:55'),(78,'5','9999','tcp','Medium','[]','','2016-12-06 14:18:55','2016-12-06 14:18:55'),(79,'5','22','tcp','Medium','[]','','2016-12-06 14:18:55','2016-12-06 14:18:55'),(80,'5','9999','tcp','Low','[]','','2016-12-06 14:18:55','2016-12-06 14:18:55'),(81,'5','22','tcp','Low','[]','','2016-12-06 14:18:55','2016-12-06 14:18:55'),(82,'5','general','tcp','Low','[]','','2016-12-06 14:18:55','2016-12-06 14:18:55'),(83,'6','5989','tcp','Medium','[\"CVE-2013-2566\",\"CVE-2015-4000\",\"CVE-2016-2183\"]','','2016-12-06 14:18:55','2016-12-06 14:18:55'),(84,'6','5989','tcp','Medium','[\"CVE-2013-2566\",\"CVE-2015-4000\",\"CVE-2016-2183\"]','','2016-12-06 14:18:55','2016-12-06 14:18:55'),(85,'6','3389','tcp','Medium','[\"CVE-2013-2566\",\"CVE-2015-4000\",\"CVE-2016-2183\"]','','2016-12-06 14:18:55','2016-12-06 14:18:55'),(86,'6','3389','tcp','Medium','[\"CVE-2013-2566\",\"CVE-2015-4000\",\"CVE-2016-2183\"]','','2016-12-06 14:18:55','2016-12-06 14:18:55'),(87,'6','9390','tcp','Medium','[\"CVE-2013-2566\",\"CVE-2015-4000\",\"CVE-2016-2183\"]','','2016-12-06 14:18:55','2016-12-06 14:18:55'),(88,'6','443','tcp','Medium','[\"CVE-2013-2566\",\"CVE-2015-4000\",\"CVE-2016-2183\"]','','2016-12-06 14:18:55','2016-12-06 14:18:55'),(89,'6','5989','tcp','Medium','[\"CVE-2013-2566\",\"CVE-2015-4000\",\"CVE-2016-2183\"]','','2016-12-06 14:18:55','2016-12-06 14:18:55'),(90,'6','135','tcp','Medium','[]','','2016-12-06 14:18:55','2016-12-06 14:18:55'),(91,'6','135','tcp','Medium','[]','','2016-12-06 14:18:55','2016-12-06 14:18:55'),(92,'6','135','tcp','Medium','[]','','2016-12-06 14:18:55','2016-12-06 14:18:55'),(93,'6','135','tcp','Medium','[]','','2016-12-06 14:18:55','2016-12-06 14:18:55'),(94,'6','9390','tcp','Medium','[]','','2016-12-06 14:18:55','2016-12-06 14:18:55'),(95,'6','443','tcp','Medium','[]','','2016-12-06 14:18:55','2016-12-06 14:18:55'),(96,'6','9000','tcp','Medium','[]','','2016-12-06 14:18:55','2016-12-06 14:18:55'),(97,'6','4567','tcp','Medium','[]','','2016-12-06 14:18:55','2016-12-06 14:18:55'),(98,'6','9002','tcp','Medium','[]','','2016-12-06 14:18:55','2016-12-06 14:18:55'),(99,'6','9002','tcp','Medium','[]','','2016-12-06 14:18:55','2016-12-06 14:18:55'),(100,'6','3306','tcp','High','[]','','2016-12-06 14:18:55','2016-12-06 14:18:55'),(101,'6','9390','tcp','High','[\"CVE-2013-6765\"]','','2016-12-06 14:18:55','2016-12-06 14:18:55'),(102,'6','general','tcp','High','[]','','2016-12-06 14:18:55','2016-12-06 14:18:55'),(103,'6','9390','tcp','Medium','[\"CVE-2014-3566\"]','','2016-12-06 14:18:55','2016-12-06 14:18:55'),(104,'6','443','tcp','Medium','[\"CVE-2014-3566\"]','','2016-12-06 14:18:55','2016-12-06 14:18:55'),(105,'6','general','tcp','Low','[]','','2016-12-06 14:18:55','2016-12-06 14:18:55'),(106,'6','445','tcp','High','[]','','2016-12-06 14:18:55','2016-12-06 14:18:55'),(107,'6','445','tcp','High','[]','','2016-12-06 14:18:55','2016-12-06 14:18:55'),(108,'6','9999','tcp','Medium','[]','','2016-12-06 14:18:55','2016-12-06 14:18:55'),(109,'6','22','tcp','Medium','[]','','2016-12-06 14:18:55','2016-12-06 14:18:55'),(110,'6','22','tcp','Medium','[]','','2016-12-06 14:18:55','2016-12-06 14:18:55'),(111,'6','22','tcp','Medium','[]','','2016-12-06 14:18:55','2016-12-06 14:18:55'),(112,'6','22','tcp','Medium','[]','','2016-12-06 14:18:55','2016-12-06 14:18:55'),(113,'6','22','tcp','Medium','[]','','2016-12-06 14:18:55','2016-12-06 14:18:55'),(114,'6','22','tcp','Medium','[]','','2016-12-06 14:18:55','2016-12-06 14:18:55'),(115,'6','9999','tcp','Low','[]','','2016-12-06 14:18:55','2016-12-06 14:18:55'),(116,'6','22','tcp','Low','[]','','2016-12-06 14:18:55','2016-12-06 14:18:55'),(117,'6','22','tcp','Low','[]','','2016-12-06 14:18:55','2016-12-06 14:18:55'),(118,'6','22','tcp','Low','[]','','2016-12-06 14:18:55','2016-12-06 14:18:55'),(119,'6','22','tcp','Low','[]','','2016-12-06 14:18:55','2016-12-06 14:18:55'),(120,'6','22','tcp','Low','[]','','2016-12-06 14:18:55','2016-12-06 14:18:55'),(121,'6','22','tcp','Low','[]','','2016-12-06 14:18:55','2016-12-06 14:18:55'),(122,'6','3389','tcp','Medium','[]','','2016-12-06 14:18:55','2016-12-06 14:18:55'),(123,'6','9390','tcp','Medium','[]','','2016-12-06 14:18:55','2016-12-06 14:18:55'),(124,'6','443','tcp','Medium','[]','','2016-12-06 14:18:55','2016-12-06 14:18:55'),(125,'6','443','tcp','Medium','[]','','2016-12-06 14:18:55','2016-12-06 14:18:55'),(126,'6','general','tcp','Low','[]','','2016-12-06 14:18:55','2016-12-06 14:18:55'),(127,'6','general','tcp','Low','[]','','2016-12-06 14:18:55','2016-12-06 14:18:55'),(128,'6','general','tcp','Low','[]','','2016-12-06 14:18:55','2016-12-06 14:18:55'),(129,'6','general','tcp','Low','[]','','2016-12-06 14:18:55','2016-12-06 14:18:55'),(130,'6','general','tcp','Low','[]','','2016-12-06 14:18:55','2016-12-06 14:18:55'),(131,'6','general','tcp','Low','[]','','2016-12-06 14:18:55','2016-12-06 14:18:55'),(132,'6','general','tcp','Low','[]','','2016-12-06 14:18:55','2016-12-06 14:18:55'),(133,'7','5989','tcp','Medium','[\"CVE-2013-2566\",\"CVE-2015-4000\",\"CVE-2016-2183\"]','','2016-12-06 14:18:55','2016-12-06 14:18:55'),(134,'7','5989','tcp','Medium','[\"CVE-2013-2566\",\"CVE-2015-4000\",\"CVE-2016-2183\"]','','2016-12-06 14:18:55','2016-12-06 14:18:55'),(135,'7','3389','tcp','Medium','[\"CVE-2013-2566\",\"CVE-2015-4000\",\"CVE-2016-2183\"]','','2016-12-06 14:18:55','2016-12-06 14:18:55'),(136,'7','3389','tcp','Medium','[\"CVE-2013-2566\",\"CVE-2015-4000\",\"CVE-2016-2183\"]','','2016-12-06 14:18:55','2016-12-06 14:18:55'),(137,'7','9390','tcp','Medium','[\"CVE-2013-2566\",\"CVE-2015-4000\",\"CVE-2016-2183\"]','','2016-12-06 14:18:55','2016-12-06 14:18:55'),(138,'7','443','tcp','Medium','[\"CVE-2013-2566\",\"CVE-2015-4000\",\"CVE-2016-2183\"]','','2016-12-06 14:18:55','2016-12-06 14:18:55'),(139,'7','5989','tcp','Medium','[\"CVE-2013-2566\",\"CVE-2015-4000\",\"CVE-2016-2183\"]','','2016-12-06 14:18:55','2016-12-06 14:18:55'),(140,'7','5989','tcp','Medium','[\"CVE-2013-2566\",\"CVE-2015-4000\",\"CVE-2016-2183\"]','','2016-12-06 14:18:55','2016-12-06 14:18:55'),(141,'7','135','tcp','Medium','[]','','2016-12-06 14:18:55','2016-12-06 14:18:55'),(142,'7','135','tcp','Medium','[]','','2016-12-06 14:18:55','2016-12-06 14:18:55'),(143,'7','135','tcp','Medium','[]','','2016-12-06 14:18:55','2016-12-06 14:18:55'),(144,'7','135','tcp','Medium','[]','','2016-12-06 14:18:55','2016-12-06 14:18:55'),(145,'7','9390','tcp','Medium','[]','','2016-12-06 14:18:55','2016-12-06 14:18:55'),(146,'7','443','tcp','Medium','[]','','2016-12-06 14:18:55','2016-12-06 14:18:55'),(147,'7','9000','tcp','Medium','[]','','2016-12-06 14:18:55','2016-12-06 14:18:55'),(148,'7','4567','tcp','Medium','[]','','2016-12-06 14:18:55','2016-12-06 14:18:55'),(149,'7','9002','tcp','Medium','[]','','2016-12-06 14:18:55','2016-12-06 14:18:55'),(150,'7','9002','tcp','Medium','[]','','2016-12-06 14:18:55','2016-12-06 14:18:55'),(151,'7','3306','tcp','High','[]','','2016-12-06 14:18:55','2016-12-06 14:18:55'),(152,'7','9390','tcp','High','[\"CVE-2013-6765\"]','','2016-12-06 14:18:55','2016-12-06 14:18:55'),(153,'7','general','tcp','High','[]','','2016-12-06 14:18:55','2016-12-06 14:18:55'),(154,'7','9390','tcp','Medium','[\"CVE-2014-3566\"]','','2016-12-06 14:18:55','2016-12-06 14:18:55'),(155,'7','443','tcp','Medium','[\"CVE-2014-3566\"]','','2016-12-06 14:18:55','2016-12-06 14:18:55'),(156,'7','general','tcp','Low','[]','','2016-12-06 14:18:55','2016-12-06 14:18:55'),(157,'7','445','tcp','High','[]','','2016-12-06 14:18:55','2016-12-06 14:18:55'),(158,'7','445','tcp','High','[]','','2016-12-06 14:18:55','2016-12-06 14:18:55'),(159,'7','9999','tcp','Medium','[]','','2016-12-06 14:18:55','2016-12-06 14:18:55'),(160,'7','22','tcp','Medium','[]','','2016-12-06 14:18:55','2016-12-06 14:18:55'),(161,'7','22','tcp','Medium','[]','','2016-12-06 14:18:55','2016-12-06 14:18:55'),(162,'7','22','tcp','Medium','[]','','2016-12-06 14:18:55','2016-12-06 14:18:55'),(163,'7','22','tcp','Medium','[]','','2016-12-06 14:18:55','2016-12-06 14:18:55'),(164,'7','22','tcp','Medium','[]','','2016-12-06 14:18:55','2016-12-06 14:18:55'),(165,'7','22','tcp','Medium','[]','','2016-12-06 14:18:55','2016-12-06 14:18:55'),(166,'7','22','tcp','Medium','[]','','2016-12-06 14:18:55','2016-12-06 14:18:55'),(167,'7','9999','tcp','Low','[]','','2016-12-06 14:18:55','2016-12-06 14:18:55'),(168,'7','22','tcp','Low','[]','','2016-12-06 14:18:55','2016-12-06 14:18:55'),(169,'7','22','tcp','Low','[]','','2016-12-06 14:18:55','2016-12-06 14:18:55'),(170,'7','22','tcp','Low','[]','','2016-12-06 14:18:55','2016-12-06 14:18:55'),(171,'7','22','tcp','Low','[]','','2016-12-06 14:18:55','2016-12-06 14:18:55'),(172,'7','22','tcp','Low','[]','','2016-12-06 14:18:55','2016-12-06 14:18:55'),(173,'7','22','tcp','Low','[]','','2016-12-06 14:18:55','2016-12-06 14:18:55'),(174,'7','22','tcp','Low','[]','','2016-12-06 14:18:55','2016-12-06 14:18:55'),(175,'7','3389','tcp','Medium','[]','','2016-12-06 14:18:55','2016-12-06 14:18:55'),(176,'7','9390','tcp','Medium','[]','','2016-12-06 14:18:55','2016-12-06 14:18:55'),(177,'7','443','tcp','Medium','[]','','2016-12-06 14:18:55','2016-12-06 14:18:55'),(178,'7','443','tcp','Medium','[]','','2016-12-06 14:18:55','2016-12-06 14:18:55'),(179,'7','general','tcp','Low','[]','','2016-12-06 14:18:55','2016-12-06 14:18:55'),(180,'7','general','tcp','Low','[]','','2016-12-06 14:18:55','2016-12-06 14:18:55'),(181,'7','general','tcp','Low','[]','','2016-12-06 14:18:55','2016-12-06 14:18:55'),(182,'7','general','tcp','Low','[]','','2016-12-06 14:18:55','2016-12-06 14:18:55'),(183,'7','general','tcp','Low','[]','','2016-12-06 14:18:55','2016-12-06 14:18:55'),(184,'7','general','tcp','Low','[]','','2016-12-06 14:18:55','2016-12-06 14:18:55'),(185,'7','general','tcp','Low','[]','','2016-12-06 14:18:55','2016-12-06 14:18:55'),(186,'8','5989','tcp','Medium','[\"CVE-2013-2566\",\"CVE-2015-4000\",\"CVE-2016-2183\"]','','2016-12-06 14:18:55','2016-12-06 14:18:55'),(187,'8','5989','tcp','Medium','[\"CVE-2013-2566\",\"CVE-2015-4000\",\"CVE-2016-2183\"]','','2016-12-06 14:18:55','2016-12-06 14:18:55'),(188,'8','3389','tcp','Medium','[\"CVE-2013-2566\",\"CVE-2015-4000\",\"CVE-2016-2183\"]','','2016-12-06 14:18:55','2016-12-06 14:18:55'),(189,'8','3389','tcp','Medium','[\"CVE-2013-2566\",\"CVE-2015-4000\",\"CVE-2016-2183\"]','','2016-12-06 14:18:55','2016-12-06 14:18:55'),(190,'8','135','tcp','Medium','[]','','2016-12-06 14:18:55','2016-12-06 14:18:55'),(191,'8','135','tcp','Medium','[]','','2016-12-06 14:18:55','2016-12-06 14:18:55'),(192,'8','135','tcp','Medium','[]','','2016-12-06 14:18:55','2016-12-06 14:18:55'),(193,'8','135','tcp','Medium','[]','','2016-12-06 14:18:55','2016-12-06 14:18:55'),(194,'8','9000','tcp','Medium','[]','','2016-12-06 14:18:55','2016-12-06 14:18:55'),(195,'8','4567','tcp','Medium','[]','','2016-12-06 14:18:55','2016-12-06 14:18:55'),(196,'8','9002','tcp','Medium','[]','','2016-12-06 14:18:55','2016-12-06 14:18:55'),(197,'8','3306','tcp','High','[]','','2016-12-06 14:18:55','2016-12-06 14:18:55'),(198,'8','general','tcp','Low','[]','','2016-12-06 14:18:55','2016-12-06 14:18:55'),(199,'8','445','tcp','High','[]','','2016-12-06 14:18:55','2016-12-06 14:18:55'),(200,'8','445','tcp','High','[]','','2016-12-06 14:18:55','2016-12-06 14:18:55'),(201,'8','9999','tcp','Medium','[]','','2016-12-06 14:18:55','2016-12-06 14:18:55'),(202,'8','22','tcp','Medium','[]','','2016-12-06 14:18:55','2016-12-06 14:18:55'),(203,'8','22','tcp','Medium','[]','','2016-12-06 14:18:55','2016-12-06 14:18:55'),(204,'8','22','tcp','Medium','[]','','2016-12-06 14:18:55','2016-12-06 14:18:55'),(205,'8','22','tcp','Medium','[]','','2016-12-06 14:18:55','2016-12-06 14:18:55'),(206,'8','9999','tcp','Low','[]','','2016-12-06 14:18:55','2016-12-06 14:18:55'),(207,'8','22','tcp','Low','[]','','2016-12-06 14:18:55','2016-12-06 14:18:55'),(208,'8','22','tcp','Low','[]','','2016-12-06 14:18:55','2016-12-06 14:18:55'),(209,'8','22','tcp','Low','[]','','2016-12-06 14:18:55','2016-12-06 14:18:55'),(210,'8','22','tcp','Low','[]','','2016-12-06 14:18:55','2016-12-06 14:18:55'),(211,'8','3389','tcp','Medium','[]','','2016-12-06 14:18:55','2016-12-06 14:18:55'),(212,'8','443','tcp','Medium','[]','','2016-12-06 14:18:55','2016-12-06 14:18:55'),(213,'8','general','tcp','Low','[]','','2016-12-06 14:18:55','2016-12-06 14:18:55'),(214,'8','general','tcp','Low','[]','','2016-12-06 14:18:55','2016-12-06 14:18:55'),(215,'8','general','tcp','Low','[]','','2016-12-06 14:18:55','2016-12-06 14:18:55'),(216,'8','general','tcp','Low','[]','','2016-12-06 14:18:55','2016-12-06 14:18:55'),(217,'8','general','tcp','Low','[]','','2016-12-06 14:18:55','2016-12-06 14:18:55'),(218,'8','general','tcp','Low','[]','','2016-12-06 14:18:55','2016-12-06 14:18:55'),(219,'9','5989','tcp','Medium','[\"CVE-2013-2566\",\"CVE-2015-4000\",\"CVE-2016-2183\"]','','2016-12-06 14:18:55','2016-12-06 14:18:55'),(220,'9','5989','tcp','Medium','[\"CVE-2013-2566\",\"CVE-2015-4000\",\"CVE-2016-2183\"]','','2016-12-06 14:18:55','2016-12-06 14:18:55'),(221,'9','3389','tcp','Medium','[\"CVE-2013-2566\",\"CVE-2015-4000\",\"CVE-2016-2183\"]','','2016-12-06 14:18:55','2016-12-06 14:18:55'),(222,'9','3389','tcp','Medium','[\"CVE-2013-2566\",\"CVE-2015-4000\",\"CVE-2016-2183\"]','','2016-12-06 14:18:55','2016-12-06 14:18:55'),(223,'9','9390','tcp','Medium','[\"CVE-2013-2566\",\"CVE-2015-4000\",\"CVE-2016-2183\"]','','2016-12-06 14:18:55','2016-12-06 14:18:55'),(224,'9','443','tcp','Medium','[\"CVE-2013-2566\",\"CVE-2015-4000\",\"CVE-2016-2183\"]','','2016-12-06 14:18:55','2016-12-06 14:18:55'),(225,'9','135','tcp','Medium','[]','','2016-12-06 14:18:55','2016-12-06 14:18:55'),(226,'9','135','tcp','Medium','[]','','2016-12-06 14:18:55','2016-12-06 14:18:55'),(227,'9','135','tcp','Medium','[]','','2016-12-06 14:18:55','2016-12-06 14:18:55'),(228,'9','135','tcp','Medium','[]','','2016-12-06 14:18:55','2016-12-06 14:18:55'),(229,'9','9390','tcp','Medium','[]','','2016-12-06 14:18:55','2016-12-06 14:18:55'),(230,'9','443','tcp','Medium','[]','','2016-12-06 14:18:55','2016-12-06 14:18:55'),(231,'9','9000','tcp','Medium','[]','','2016-12-06 14:18:55','2016-12-06 14:18:55'),(232,'9','4567','tcp','Medium','[]','','2016-12-06 14:18:55','2016-12-06 14:18:55'),(233,'9','9002','tcp','Medium','[]','','2016-12-06 14:18:55','2016-12-06 14:18:55'),(234,'9','9002','tcp','Medium','[]','','2016-12-06 14:18:55','2016-12-06 14:18:55'),(235,'9','3306','tcp','High','[]','','2016-12-06 14:18:55','2016-12-06 14:18:55'),(236,'9','9390','tcp','High','[\"CVE-2013-6765\"]','','2016-12-06 14:18:55','2016-12-06 14:18:55'),(237,'9','general','tcp','High','[]','','2016-12-06 14:18:55','2016-12-06 14:18:55'),(238,'9','9390','tcp','Medium','[\"CVE-2014-3566\"]','','2016-12-06 14:18:55','2016-12-06 14:18:55'),(239,'9','443','tcp','Medium','[\"CVE-2014-3566\"]','','2016-12-06 14:18:55','2016-12-06 14:18:55'),(240,'9','general','tcp','Low','[]','','2016-12-06 14:18:55','2016-12-06 14:18:55'),(241,'9','445','tcp','High','[]','','2016-12-06 14:18:55','2016-12-06 14:18:55'),(242,'9','445','tcp','High','[]','','2016-12-06 14:18:55','2016-12-06 14:18:55'),(243,'9','9999','tcp','Medium','[]','','2016-12-06 14:18:55','2016-12-06 14:18:55'),(244,'9','22','tcp','Medium','[]','','2016-12-06 14:18:55','2016-12-06 14:18:55'),(245,'9','22','tcp','Medium','[]','','2016-12-06 14:18:55','2016-12-06 14:18:55'),(246,'9','22','tcp','Medium','[]','','2016-12-06 14:18:55','2016-12-06 14:18:55'),(247,'9','22','tcp','Medium','[]','','2016-12-06 14:18:55','2016-12-06 14:18:55'),(248,'9','22','tcp','Medium','[]','','2016-12-06 14:18:55','2016-12-06 14:18:55'),(249,'9','22','tcp','Medium','[]','','2016-12-06 14:18:55','2016-12-06 14:18:55'),(250,'9','9999','tcp','Low','[]','','2016-12-06 14:18:55','2016-12-06 14:18:55'),(251,'9','22','tcp','Low','[]','','2016-12-06 14:18:55','2016-12-06 14:18:55'),(252,'9','22','tcp','Low','[]','','2016-12-06 14:18:55','2016-12-06 14:18:55'),(253,'9','22','tcp','Low','[]','','2016-12-06 14:18:55','2016-12-06 14:18:55'),(254,'9','22','tcp','Low','[]','','2016-12-06 14:18:55','2016-12-06 14:18:55'),(255,'9','22','tcp','Low','[]','','2016-12-06 14:18:55','2016-12-06 14:18:55'),(256,'9','22','tcp','Low','[]','','2016-12-06 14:18:55','2016-12-06 14:18:55'),(257,'9','3389','tcp','Medium','[]','','2016-12-06 14:18:55','2016-12-06 14:18:55'),(258,'9','9390','tcp','Medium','[]','','2016-12-06 14:18:55','2016-12-06 14:18:55'),(259,'9','443','tcp','Medium','[]','','2016-12-06 14:18:55','2016-12-06 14:18:55'),(260,'9','443','tcp','Medium','[]','','2016-12-06 14:18:55','2016-12-06 14:18:55'),(261,'9','general','tcp','Low','[]','','2016-12-06 14:18:55','2016-12-06 14:18:55'),(262,'9','general','tcp','Low','[]','','2016-12-06 14:18:55','2016-12-06 14:18:55'),(263,'9','general','tcp','Low','[]','','2016-12-06 14:18:55','2016-12-06 14:18:55'),(264,'9','general','tcp','Low','[]','','2016-12-06 14:18:55','2016-12-06 14:18:55'),(265,'9','general','tcp','Low','[]','','2016-12-06 14:18:55','2016-12-06 14:18:55'),(266,'9','general','tcp','Low','[]','','2016-12-06 14:18:55','2016-12-06 14:18:55'),(267,'10','5989','tcp','Medium','[\"CVE-2013-2566\",\"CVE-2015-4000\",\"CVE-2016-2183\"]','','2016-12-06 14:18:55','2016-12-06 14:18:55'),(268,'10','5989','tcp','Medium','[\"CVE-2013-2566\",\"CVE-2015-4000\",\"CVE-2016-2183\"]','','2016-12-06 14:18:55','2016-12-06 14:18:55'),(269,'10','9002','tcp','Medium','[]','','2016-12-06 14:18:55','2016-12-06 14:18:55'),(270,'10','general','tcp','Low','[]','','2016-12-06 14:18:55','2016-12-06 14:18:55'),(271,'10','9999','tcp','Medium','[]','','2016-12-06 14:18:55','2016-12-06 14:18:55'),(272,'10','22','tcp','Medium','[]','','2016-12-06 14:18:55','2016-12-06 14:18:55'),(273,'10','22','tcp','Medium','[]','','2016-12-06 14:18:55','2016-12-06 14:18:55'),(274,'10','22','tcp','Medium','[]','','2016-12-06 14:18:55','2016-12-06 14:18:55'),(275,'10','9999','tcp','Low','[]','','2016-12-06 14:18:55','2016-12-06 14:18:55'),(276,'10','22','tcp','Low','[]','','2016-12-06 14:18:55','2016-12-06 14:18:55'),(277,'10','22','tcp','Low','[]','','2016-12-06 14:18:55','2016-12-06 14:18:55'),(278,'10','22','tcp','Low','[]','','2016-12-06 14:18:55','2016-12-06 14:18:55'),(279,'10','general','tcp','Low','[]','','2016-12-06 14:18:55','2016-12-06 14:18:55'),(280,'10','general','tcp','Low','[]','','2016-12-06 14:18:55','2016-12-06 14:18:55'),(281,'10','general','tcp','Low','[]','','2016-12-06 14:18:55','2016-12-06 14:18:55'),(282,'11','5989','tcp','Medium','[\"CVE-2013-2566\",\"CVE-2015-4000\",\"CVE-2016-2183\"]','','2016-12-06 14:18:55','2016-12-06 14:18:55'),(283,'11','5989','tcp','Medium','[\"CVE-2013-2566\",\"CVE-2015-4000\",\"CVE-2016-2183\"]','','2016-12-06 14:18:55','2016-12-06 14:18:55'),(284,'11','3389','tcp','Medium','[\"CVE-2013-2566\",\"CVE-2015-4000\",\"CVE-2016-2183\"]','','2016-12-06 14:18:55','2016-12-06 14:18:55'),(285,'11','135','tcp','Medium','[]','','2016-12-06 14:18:55','2016-12-06 14:18:55'),(286,'11','135','tcp','Medium','[]','','2016-12-06 14:18:55','2016-12-06 14:18:55'),(287,'11','9000','tcp','Medium','[]','','2016-12-06 14:18:55','2016-12-06 14:18:55'),(288,'11','4567','tcp','Medium','[]','','2016-12-06 14:18:55','2016-12-06 14:18:55'),(289,'11','9002','tcp','Medium','[]','','2016-12-06 14:18:55','2016-12-06 14:18:55'),(290,'11','3306','tcp','High','[]','','2016-12-06 14:18:55','2016-12-06 14:18:55'),(291,'11','general','tcp','Low','[]','','2016-12-06 14:18:55','2016-12-06 14:18:55'),(292,'11','445','tcp','High','[]','','2016-12-06 14:18:55','2016-12-06 14:18:55'),(293,'11','445','tcp','High','[]','','2016-12-06 14:18:55','2016-12-06 14:18:55'),(294,'11','9999','tcp','Medium','[]','','2016-12-06 14:18:55','2016-12-06 14:18:55'),(295,'11','22','tcp','Medium','[]','','2016-12-06 14:18:55','2016-12-06 14:18:55'),(296,'11','22','tcp','Medium','[]','','2016-12-06 14:18:55','2016-12-06 14:18:55'),(297,'11','22','tcp','Medium','[]','','2016-12-06 14:18:55','2016-12-06 14:18:55'),(298,'11','22','tcp','Medium','[]','','2016-12-06 14:18:55','2016-12-06 14:18:55'),(299,'11','9999','tcp','Low','[]','','2016-12-06 14:18:55','2016-12-06 14:18:55'),(300,'11','22','tcp','Low','[]','','2016-12-06 14:18:55','2016-12-06 14:18:55'),(301,'11','22','tcp','Low','[]','','2016-12-06 14:18:55','2016-12-06 14:18:55'),(302,'11','22','tcp','Low','[]','','2016-12-06 14:18:55','2016-12-06 14:18:55'),(303,'11','22','tcp','Low','[]','','2016-12-06 14:18:55','2016-12-06 14:18:55'),(304,'11','3389','tcp','Medium','[]','','2016-12-06 14:18:55','2016-12-06 14:18:55'),(305,'11','443','tcp','Medium','[]','','2016-12-06 14:18:55','2016-12-06 14:18:55'),(306,'11','general','tcp','Low','[]','','2016-12-06 14:18:55','2016-12-06 14:18:55'),(307,'11','general','tcp','Low','[]','','2016-12-06 14:18:55','2016-12-06 14:18:55'),(308,'11','general','tcp','Low','[]','','2016-12-06 14:18:55','2016-12-06 14:18:55'),(309,'11','general','tcp','Low','[]','','2016-12-06 14:18:55','2016-12-06 14:18:55'),(310,'11','general','tcp','Low','[]','','2016-12-06 14:18:55','2016-12-06 14:18:55'),(311,'12','5989','tcp','Medium','[\"CVE-2013-2566\",\"CVE-2015-4000\",\"CVE-2016-2183\"]','','2016-12-13 16:51:01','2016-12-13 16:51:01'),(312,'12','9002','tcp','Medium','[]','','2016-12-13 16:51:01','2016-12-13 16:51:01'),(313,'12','general','tcp','Low','[]','','2016-12-13 16:51:01','2016-12-13 16:51:01'),(314,'12','9999','tcp','Medium','[]','','2016-12-13 16:51:01','2016-12-13 16:51:01'),(315,'12','22','tcp','Medium','[]','','2016-12-13 16:51:01','2016-12-13 16:51:01'),(316,'12','22','tcp','Medium','[]','','2016-12-13 16:51:01','2016-12-13 16:51:01'),(317,'12','9999','tcp','Low','[]','','2016-12-13 16:51:01','2016-12-13 16:51:01'),(318,'12','22','tcp','Low','[]','','2016-12-13 16:51:01','2016-12-13 16:51:01'),(319,'12','22','tcp','Low','[]','','2016-12-13 16:51:01','2016-12-13 16:51:01'),(320,'12','general','tcp','Low','[]','','2016-12-13 16:51:01','2016-12-13 16:51:01'),(321,'12','general','tcp','Low','[]','','2016-12-13 16:51:01','2016-12-13 16:51:01'),(322,'13','5989','tcp','Medium','[\"CVE-2013-2566\",\"CVE-2015-4000\",\"CVE-2016-2183\"]','','2016-12-13 16:51:01','2016-12-13 16:51:01'),(323,'13','5989','tcp','Medium','[\"CVE-2013-2566\",\"CVE-2015-4000\",\"CVE-2016-2183\"]','','2016-12-13 16:51:01','2016-12-13 16:51:01'),(324,'13','3389','tcp','Medium','[\"CVE-2013-2566\",\"CVE-2015-4000\",\"CVE-2016-2183\"]','','2016-12-13 16:51:01','2016-12-13 16:51:01'),(325,'13','3389','tcp','Medium','[\"CVE-2013-2566\",\"CVE-2015-4000\",\"CVE-2016-2183\"]','','2016-12-13 16:51:01','2016-12-13 16:51:01'),(326,'13','135','tcp','Medium','[]','','2016-12-13 16:51:01','2016-12-13 16:51:01'),(327,'13','135','tcp','Medium','[]','','2016-12-13 16:51:01','2016-12-13 16:51:01'),(328,'13','135','tcp','Medium','[]','','2016-12-13 16:51:01','2016-12-13 16:51:01'),(329,'13','135','tcp','Medium','[]','','2016-12-13 16:51:01','2016-12-13 16:51:01'),(330,'13','9000','tcp','Medium','[]','','2016-12-13 16:51:01','2016-12-13 16:51:01'),(331,'13','4567','tcp','Medium','[]','','2016-12-13 16:51:01','2016-12-13 16:51:01'),(332,'13','9002','tcp','Medium','[]','','2016-12-13 16:51:01','2016-12-13 16:51:01'),(333,'13','9002','tcp','Medium','[]','','2016-12-13 16:51:01','2016-12-13 16:51:01'),(334,'13','3306','tcp','High','[]','','2016-12-13 16:51:01','2016-12-13 16:51:01'),(335,'13','general','tcp','Low','[]','','2016-12-13 16:51:01','2016-12-13 16:51:01'),(336,'13','445','tcp','High','[]','','2016-12-13 16:51:01','2016-12-13 16:51:01'),(337,'13','445','tcp','High','[]','','2016-12-13 16:51:01','2016-12-13 16:51:01'),(338,'13','9999','tcp','Medium','[]','','2016-12-13 16:51:01','2016-12-13 16:51:01'),(339,'13','22','tcp','Medium','[]','','2016-12-13 16:51:01','2016-12-13 16:51:01'),(340,'13','22','tcp','Medium','[]','','2016-12-13 16:51:01','2016-12-13 16:51:01'),(341,'13','22','tcp','Medium','[]','','2016-12-13 16:51:01','2016-12-13 16:51:01'),(342,'13','22','tcp','Medium','[]','','2016-12-13 16:51:01','2016-12-13 16:51:01'),(343,'13','22','tcp','Medium','[]','','2016-12-13 16:51:01','2016-12-13 16:51:01'),(344,'13','9999','tcp','Low','[]','','2016-12-13 16:51:01','2016-12-13 16:51:01'),(345,'13','22','tcp','Low','[]','','2016-12-13 16:51:01','2016-12-13 16:51:01'),(346,'13','22','tcp','Low','[]','','2016-12-13 16:51:01','2016-12-13 16:51:01'),(347,'13','22','tcp','Low','[]','','2016-12-13 16:51:01','2016-12-13 16:51:01'),(348,'13','22','tcp','Low','[]','','2016-12-13 16:51:01','2016-12-13 16:51:01'),(349,'13','22','tcp','Low','[]','','2016-12-13 16:51:01','2016-12-13 16:51:01'),(350,'13','3389','tcp','Medium','[]','','2016-12-13 16:51:01','2016-12-13 16:51:01'),(351,'13','443','tcp','Medium','[]','','2016-12-13 16:51:01','2016-12-13 16:51:01'),(352,'13','general','tcp','Low','[]','','2016-12-13 16:51:01','2016-12-13 16:51:01'),(353,'13','general','tcp','Low','[]','','2016-12-13 16:51:01','2016-12-13 16:51:01'),(354,'13','general','tcp','Low','[]','','2016-12-13 16:51:01','2016-12-13 16:51:01'),(355,'13','general','tcp','Low','[]','','2016-12-13 16:51:01','2016-12-13 16:51:01'),(356,'13','general','tcp','Low','[]','','2016-12-13 16:51:01','2016-12-13 16:51:01'),(357,'13','general','tcp','Low','[]','','2016-12-13 16:51:01','2016-12-13 16:51:01'),(358,'14','5989','tcp','Medium','[\"CVE-2013-2566\",\"CVE-2015-4000\",\"CVE-2016-2183\"]','','2016-12-13 16:51:01','2016-12-13 16:51:01'),(359,'14','5989','tcp','Medium','[\"CVE-2013-2566\",\"CVE-2015-4000\",\"CVE-2016-2183\"]','','2016-12-13 16:51:01','2016-12-13 16:51:01'),(360,'14','9000','tcp','Medium','[]','','2016-12-13 16:51:01','2016-12-13 16:51:01'),(361,'14','4567','tcp','Medium','[]','','2016-12-13 16:51:01','2016-12-13 16:51:01'),(362,'14','9002','tcp','Medium','[]','','2016-12-13 16:51:01','2016-12-13 16:51:01'),(363,'14','3306','tcp','High','[]','','2016-12-13 16:51:01','2016-12-13 16:51:01'),(364,'14','general','tcp','Low','[]','','2016-12-13 16:51:01','2016-12-13 16:51:01'),(365,'14','9999','tcp','Medium','[]','','2016-12-13 16:51:01','2016-12-13 16:51:01'),(366,'14','22','tcp','Medium','[]','','2016-12-13 16:51:01','2016-12-13 16:51:01'),(367,'14','22','tcp','Medium','[]','','2016-12-13 16:51:01','2016-12-13 16:51:01'),(368,'14','22','tcp','Medium','[]','','2016-12-13 16:51:01','2016-12-13 16:51:01'),(369,'14','22','tcp','Medium','[]','','2016-12-13 16:51:01','2016-12-13 16:51:01'),(370,'14','9999','tcp','Low','[]','','2016-12-13 16:51:01','2016-12-13 16:51:01'),(371,'14','22','tcp','Low','[]','','2016-12-13 16:51:01','2016-12-13 16:51:01'),(372,'14','22','tcp','Low','[]','','2016-12-13 16:51:01','2016-12-13 16:51:01'),(373,'14','22','tcp','Low','[]','','2016-12-13 16:51:01','2016-12-13 16:51:01'),(374,'14','22','tcp','Low','[]','','2016-12-13 16:51:01','2016-12-13 16:51:01'),(375,'14','general','tcp','Low','[]','','2016-12-13 16:51:01','2016-12-13 16:51:01'),(376,'14','general','tcp','Low','[]','','2016-12-13 16:51:01','2016-12-13 16:51:01'),(377,'14','general','tcp','Low','[]','','2016-12-13 16:51:01','2016-12-13 16:51:01'),(378,'14','general','tcp','Low','[]','','2016-12-13 16:51:01','2016-12-13 16:51:01'),(379,'15','9002','tcp','Medium','[]','','2016-12-13 16:51:01','2016-12-13 16:51:01'),(380,'15','general','tcp','Low','[]','','2016-12-13 16:51:01','2016-12-13 16:51:01'),(381,'15','9999','tcp','Medium','[]','','2016-12-13 16:51:01','2016-12-13 16:51:01'),(382,'15','22','tcp','Medium','[]','','2016-12-13 16:51:01','2016-12-13 16:51:01'),(383,'15','9999','tcp','Low','[]','','2016-12-13 16:51:01','2016-12-13 16:51:01'),(384,'15','22','tcp','Low','[]','','2016-12-13 16:51:01','2016-12-13 16:51:01'),(385,'15','general','tcp','Low','[]','','2016-12-13 16:51:01','2016-12-13 16:51:01'),(386,'16','9002','tcp','Medium','[]','','2016-12-13 16:51:01','2016-12-13 16:51:01'),(387,'16','general','tcp','Low','[]','','2016-12-13 16:51:01','2016-12-13 16:51:01'),(388,'16','9999','tcp','Medium','[]','','2016-12-13 16:51:01','2016-12-13 16:51:01'),(389,'16','22','tcp','Medium','[]','','2016-12-13 16:51:01','2016-12-13 16:51:01'),(390,'16','9999','tcp','Low','[]','','2016-12-13 16:51:01','2016-12-13 16:51:01'),(391,'16','22','tcp','Low','[]','','2016-12-13 16:51:01','2016-12-13 16:51:01'),(392,'16','general','tcp','Low','[]','','2016-12-13 16:51:01','2016-12-13 16:51:01'),(393,'17','5989','tcp','Medium','[\"CVE-2013-2566\",\"CVE-2015-4000\",\"CVE-2016-2183\"]','','2016-12-13 16:51:01','2016-12-13 16:51:01'),(394,'17','5989','tcp','Medium','[\"CVE-2013-2566\",\"CVE-2015-4000\",\"CVE-2016-2183\"]','','2016-12-13 16:51:01','2016-12-13 16:51:01'),(395,'17','3389','tcp','Medium','[\"CVE-2013-2566\",\"CVE-2015-4000\",\"CVE-2016-2183\"]','','2016-12-13 16:51:01','2016-12-13 16:51:01'),(396,'17','3389','tcp','Medium','[\"CVE-2013-2566\",\"CVE-2015-4000\",\"CVE-2016-2183\"]','','2016-12-13 16:51:01','2016-12-13 16:51:01'),(397,'17','9390','tcp','Medium','[\"CVE-2013-2566\",\"CVE-2015-4000\",\"CVE-2016-2183\"]','','2016-12-13 16:51:01','2016-12-13 16:51:01'),(398,'17','443','tcp','Medium','[\"CVE-2013-2566\",\"CVE-2015-4000\",\"CVE-2016-2183\"]','','2016-12-13 16:51:01','2016-12-13 16:51:01'),(399,'17','5989','tcp','Medium','[\"CVE-2013-2566\",\"CVE-2015-4000\",\"CVE-2016-2183\"]','','2016-12-13 16:51:01','2016-12-13 16:51:01'),(400,'17','135','tcp','Medium','[]','','2016-12-13 16:51:01','2016-12-13 16:51:01'),(401,'17','135','tcp','Medium','[]','','2016-12-13 16:51:01','2016-12-13 16:51:01'),(402,'17','135','tcp','Medium','[]','','2016-12-13 16:51:01','2016-12-13 16:51:01'),(403,'17','135','tcp','Medium','[]','','2016-12-13 16:51:01','2016-12-13 16:51:01'),(404,'17','9390','tcp','Medium','[]','','2016-12-13 16:51:01','2016-12-13 16:51:01'),(405,'17','443','tcp','Medium','[]','','2016-12-13 16:51:01','2016-12-13 16:51:01'),(406,'17','9000','tcp','Medium','[]','','2016-12-13 16:51:01','2016-12-13 16:51:01'),(407,'17','4567','tcp','Medium','[]','','2016-12-13 16:51:01','2016-12-13 16:51:01'),(408,'17','9002','tcp','Medium','[]','','2016-12-13 16:51:01','2016-12-13 16:51:01'),(409,'17','9002','tcp','Medium','[]','','2016-12-13 16:51:01','2016-12-13 16:51:01'),(410,'17','3306','tcp','High','[]','','2016-12-13 16:51:01','2016-12-13 16:51:01'),(411,'17','9390','tcp','High','[\"CVE-2013-6765\"]','','2016-12-13 16:51:01','2016-12-13 16:51:01'),(412,'17','general','tcp','High','[]','','2016-12-13 16:51:01','2016-12-13 16:51:01'),(413,'17','9390','tcp','Medium','[\"CVE-2014-3566\"]','','2016-12-13 16:51:01','2016-12-13 16:51:01'),(414,'17','443','tcp','Medium','[\"CVE-2014-3566\"]','','2016-12-13 16:51:01','2016-12-13 16:51:01'),(415,'17','general','tcp','Low','[]','','2016-12-13 16:51:01','2016-12-13 16:51:01'),(416,'17','445','tcp','High','[]','','2016-12-13 16:51:01','2016-12-13 16:51:01'),(417,'17','445','tcp','High','[]','','2016-12-13 16:51:01','2016-12-13 16:51:01'),(418,'17','9999','tcp','Medium','[]','','2016-12-13 16:51:01','2016-12-13 16:51:01'),(419,'17','22','tcp','Medium','[]','','2016-12-13 16:51:01','2016-12-13 16:51:01'),(420,'17','22','tcp','Medium','[]','','2016-12-13 16:51:01','2016-12-13 16:51:01'),(421,'17','22','tcp','Medium','[]','','2016-12-13 16:51:01','2016-12-13 16:51:01'),(422,'17','22','tcp','Medium','[]','','2016-12-13 16:51:01','2016-12-13 16:51:01'),(423,'17','22','tcp','Medium','[]','','2016-12-13 16:51:01','2016-12-13 16:51:01'),(424,'17','22','tcp','Medium','[]','','2016-12-13 16:51:01','2016-12-13 16:51:01'),(425,'17','9999','tcp','Low','[]','','2016-12-13 16:51:01','2016-12-13 16:51:01'),(426,'17','22','tcp','Low','[]','','2016-12-13 16:51:01','2016-12-13 16:51:01'),(427,'17','22','tcp','Low','[]','','2016-12-13 16:51:01','2016-12-13 16:51:01'),(428,'17','22','tcp','Low','[]','','2016-12-13 16:51:01','2016-12-13 16:51:01'),(429,'17','22','tcp','Low','[]','','2016-12-13 16:51:01','2016-12-13 16:51:01'),(430,'17','22','tcp','Low','[]','','2016-12-13 16:51:01','2016-12-13 16:51:01'),(431,'17','22','tcp','Low','[]','','2016-12-13 16:51:01','2016-12-13 16:51:01'),(432,'17','3389','tcp','Medium','[]','','2016-12-13 16:51:01','2016-12-13 16:51:01'),(433,'17','9390','tcp','Medium','[]','','2016-12-13 16:51:01','2016-12-13 16:51:01'),(434,'17','443','tcp','Medium','[]','','2016-12-13 16:51:01','2016-12-13 16:51:01'),(435,'17','443','tcp','Medium','[]','','2016-12-13 16:51:01','2016-12-13 16:51:01'),(436,'17','general','tcp','Low','[]','','2016-12-13 16:51:01','2016-12-13 16:51:01'),(437,'17','general','tcp','Low','[]','','2016-12-13 16:51:01','2016-12-13 16:51:01'),(438,'17','general','tcp','Low','[]','','2016-12-13 16:51:01','2016-12-13 16:51:01'),(439,'17','general','tcp','Low','[]','','2016-12-13 16:51:01','2016-12-13 16:51:01'),(440,'17','general','tcp','Low','[]','','2016-12-13 16:51:01','2016-12-13 16:51:01'),(441,'17','general','tcp','Low','[]','','2016-12-13 16:51:01','2016-12-13 16:51:01'),(442,'17','general','tcp','Low','[]','','2016-12-13 16:51:01','2016-12-13 16:51:01'),(443,'18','5989','tcp','Medium','[\"CVE-2013-2566\",\"CVE-2015-4000\",\"CVE-2016-2183\"]','','2016-12-13 16:51:01','2016-12-13 16:51:01'),(444,'18','5989','tcp','Medium','[\"CVE-2013-2566\",\"CVE-2015-4000\",\"CVE-2016-2183\"]','','2016-12-13 16:51:01','2016-12-13 16:51:01'),(445,'18','3389','tcp','Medium','[\"CVE-2013-2566\",\"CVE-2015-4000\",\"CVE-2016-2183\"]','','2016-12-13 16:51:01','2016-12-13 16:51:01'),(446,'18','3389','tcp','Medium','[\"CVE-2013-2566\",\"CVE-2015-4000\",\"CVE-2016-2183\"]','','2016-12-13 16:51:01','2016-12-13 16:51:01'),(447,'18','9390','tcp','Medium','[\"CVE-2013-2566\",\"CVE-2015-4000\",\"CVE-2016-2183\"]','','2016-12-13 16:51:01','2016-12-13 16:51:01'),(448,'18','443','tcp','Medium','[\"CVE-2013-2566\",\"CVE-2015-4000\",\"CVE-2016-2183\"]','','2016-12-13 16:51:01','2016-12-13 16:51:01'),(449,'18','5989','tcp','Medium','[\"CVE-2013-2566\",\"CVE-2015-4000\",\"CVE-2016-2183\"]','','2016-12-13 16:51:01','2016-12-13 16:51:01'),(450,'18','5989','tcp','Medium','[\"CVE-2013-2566\",\"CVE-2015-4000\",\"CVE-2016-2183\"]','','2016-12-13 16:51:01','2016-12-13 16:51:01'),(451,'18','135','tcp','Medium','[]','','2016-12-13 16:51:01','2016-12-13 16:51:01'),(452,'18','135','tcp','Medium','[]','','2016-12-13 16:51:01','2016-12-13 16:51:01'),(453,'18','135','tcp','Medium','[]','','2016-12-13 16:51:01','2016-12-13 16:51:01'),(454,'18','135','tcp','Medium','[]','','2016-12-13 16:51:01','2016-12-13 16:51:01'),(455,'18','9390','tcp','Medium','[]','','2016-12-13 16:51:01','2016-12-13 16:51:01'),(456,'18','443','tcp','Medium','[]','','2016-12-13 16:51:01','2016-12-13 16:51:01'),(457,'18','9000','tcp','Medium','[]','','2016-12-13 16:51:01','2016-12-13 16:51:01'),(458,'18','4567','tcp','Medium','[]','','2016-12-13 16:51:01','2016-12-13 16:51:01'),(459,'18','9002','tcp','Medium','[]','','2016-12-13 16:51:01','2016-12-13 16:51:01'),(460,'18','9002','tcp','Medium','[]','','2016-12-13 16:51:01','2016-12-13 16:51:01'),(461,'18','3306','tcp','High','[]','','2016-12-13 16:51:01','2016-12-13 16:51:01'),(462,'18','9390','tcp','High','[\"CVE-2013-6765\"]','','2016-12-13 16:51:01','2016-12-13 16:51:01'),(463,'18','general','tcp','High','[]','','2016-12-13 16:51:01','2016-12-13 16:51:01'),(464,'18','9390','tcp','Medium','[\"CVE-2014-3566\"]','','2016-12-13 16:51:01','2016-12-13 16:51:01'),(465,'18','443','tcp','Medium','[\"CVE-2014-3566\"]','','2016-12-13 16:51:01','2016-12-13 16:51:01'),(466,'18','general','tcp','Low','[]','','2016-12-13 16:51:01','2016-12-13 16:51:01'),(467,'18','445','tcp','High','[]','','2016-12-13 16:51:01','2016-12-13 16:51:01'),(468,'18','445','tcp','High','[]','','2016-12-13 16:51:01','2016-12-13 16:51:01'),(469,'18','9999','tcp','Medium','[]','','2016-12-13 16:51:01','2016-12-13 16:51:01'),(470,'18','22','tcp','Medium','[]','','2016-12-13 16:51:01','2016-12-13 16:51:01'),(471,'18','22','tcp','Medium','[]','','2016-12-13 16:51:01','2016-12-13 16:51:01'),(472,'18','22','tcp','Medium','[]','','2016-12-13 16:51:01','2016-12-13 16:51:01'),(473,'18','22','tcp','Medium','[]','','2016-12-13 16:51:01','2016-12-13 16:51:01'),(474,'18','22','tcp','Medium','[]','','2016-12-13 16:51:01','2016-12-13 16:51:01'),(475,'18','22','tcp','Medium','[]','','2016-12-13 16:51:01','2016-12-13 16:51:01'),(476,'18','22','tcp','Medium','[]','','2016-12-13 16:51:01','2016-12-13 16:51:01'),(477,'18','9999','tcp','Low','[]','','2016-12-13 16:51:01','2016-12-13 16:51:01'),(478,'18','22','tcp','Low','[]','','2016-12-13 16:51:01','2016-12-13 16:51:01'),(479,'18','22','tcp','Low','[]','','2016-12-13 16:51:01','2016-12-13 16:51:01'),(480,'18','22','tcp','Low','[]','','2016-12-13 16:51:01','2016-12-13 16:51:01'),(481,'18','22','tcp','Low','[]','','2016-12-13 16:51:01','2016-12-13 16:51:01'),(482,'18','22','tcp','Low','[]','','2016-12-13 16:51:01','2016-12-13 16:51:01'),(483,'18','22','tcp','Low','[]','','2016-12-13 16:51:01','2016-12-13 16:51:01'),(484,'18','22','tcp','Low','[]','','2016-12-13 16:51:01','2016-12-13 16:51:01'),(485,'18','3389','tcp','Medium','[]','','2016-12-13 16:51:01','2016-12-13 16:51:01'),(486,'18','9390','tcp','Medium','[]','','2016-12-13 16:51:01','2016-12-13 16:51:01'),(487,'18','443','tcp','Medium','[]','','2016-12-13 16:51:01','2016-12-13 16:51:01'),(488,'18','443','tcp','Medium','[]','','2016-12-13 16:51:01','2016-12-13 16:51:01'),(489,'18','general','tcp','Low','[]','','2016-12-13 16:51:01','2016-12-13 16:51:01'),(490,'18','general','tcp','Low','[]','','2016-12-13 16:51:01','2016-12-13 16:51:01'),(491,'18','general','tcp','Low','[]','','2016-12-13 16:51:01','2016-12-13 16:51:01'),(492,'18','general','tcp','Low','[]','','2016-12-13 16:51:01','2016-12-13 16:51:01'),(493,'18','general','tcp','Low','[]','','2016-12-13 16:51:01','2016-12-13 16:51:01'),(494,'18','general','tcp','Low','[]','','2016-12-13 16:51:02','2016-12-13 16:51:02'),(495,'18','general','tcp','Low','[]','','2016-12-13 16:51:02','2016-12-13 16:51:02'),(496,'19','5989','tcp','Medium','[\"CVE-2013-2566\",\"CVE-2015-4000\",\"CVE-2016-2183\"]','','2016-12-13 16:51:02','2016-12-13 16:51:02'),(497,'19','5989','tcp','Medium','[\"CVE-2013-2566\",\"CVE-2015-4000\",\"CVE-2016-2183\"]','','2016-12-13 16:51:02','2016-12-13 16:51:02'),(498,'19','3389','tcp','Medium','[\"CVE-2013-2566\",\"CVE-2015-4000\",\"CVE-2016-2183\"]','','2016-12-13 16:51:02','2016-12-13 16:51:02'),(499,'19','3389','tcp','Medium','[\"CVE-2013-2566\",\"CVE-2015-4000\",\"CVE-2016-2183\"]','','2016-12-13 16:51:02','2016-12-13 16:51:02'),(500,'19','135','tcp','Medium','[]','','2016-12-13 16:51:02','2016-12-13 16:51:02'),(501,'19','135','tcp','Medium','[]','','2016-12-13 16:51:02','2016-12-13 16:51:02'),(502,'19','135','tcp','Medium','[]','','2016-12-13 16:51:02','2016-12-13 16:51:02'),(503,'19','135','tcp','Medium','[]','','2016-12-13 16:51:02','2016-12-13 16:51:02'),(504,'19','9000','tcp','Medium','[]','','2016-12-13 16:51:02','2016-12-13 16:51:02'),(505,'19','4567','tcp','Medium','[]','','2016-12-13 16:51:02','2016-12-13 16:51:02'),(506,'19','9002','tcp','Medium','[]','','2016-12-13 16:51:02','2016-12-13 16:51:02'),(507,'19','3306','tcp','High','[]','','2016-12-13 16:51:02','2016-12-13 16:51:02'),(508,'19','general','tcp','Low','[]','','2016-12-13 16:51:02','2016-12-13 16:51:02'),(509,'19','445','tcp','High','[]','','2016-12-13 16:51:02','2016-12-13 16:51:02'),(510,'19','445','tcp','High','[]','','2016-12-13 16:51:02','2016-12-13 16:51:02'),(511,'19','9999','tcp','Medium','[]','','2016-12-13 16:51:02','2016-12-13 16:51:02'),(512,'19','22','tcp','Medium','[]','','2016-12-13 16:51:02','2016-12-13 16:51:02'),(513,'19','22','tcp','Medium','[]','','2016-12-13 16:51:02','2016-12-13 16:51:02'),(514,'19','22','tcp','Medium','[]','','2016-12-13 16:51:02','2016-12-13 16:51:02'),(515,'19','22','tcp','Medium','[]','','2016-12-13 16:51:02','2016-12-13 16:51:02'),(516,'19','9999','tcp','Low','[]','','2016-12-13 16:51:02','2016-12-13 16:51:02'),(517,'19','22','tcp','Low','[]','','2016-12-13 16:51:02','2016-12-13 16:51:02'),(518,'19','22','tcp','Low','[]','','2016-12-13 16:51:02','2016-12-13 16:51:02'),(519,'19','22','tcp','Low','[]','','2016-12-13 16:51:02','2016-12-13 16:51:02'),(520,'19','22','tcp','Low','[]','','2016-12-13 16:51:02','2016-12-13 16:51:02'),(521,'19','3389','tcp','Medium','[]','','2016-12-13 16:51:02','2016-12-13 16:51:02'),(522,'19','443','tcp','Medium','[]','','2016-12-13 16:51:02','2016-12-13 16:51:02'),(523,'19','general','tcp','Low','[]','','2016-12-13 16:51:02','2016-12-13 16:51:02'),(524,'19','general','tcp','Low','[]','','2016-12-13 16:51:02','2016-12-13 16:51:02'),(525,'19','general','tcp','Low','[]','','2016-12-13 16:51:02','2016-12-13 16:51:02'),(526,'19','general','tcp','Low','[]','','2016-12-13 16:51:02','2016-12-13 16:51:02'),(527,'19','general','tcp','Low','[]','','2016-12-13 16:51:02','2016-12-13 16:51:02'),(528,'19','general','tcp','Low','[]','','2016-12-13 16:51:02','2016-12-13 16:51:02'),(529,'20','5989','tcp','Medium','[\"CVE-2013-2566\",\"CVE-2015-4000\",\"CVE-2016-2183\"]','','2016-12-13 16:51:02','2016-12-13 16:51:02'),(530,'20','5989','tcp','Medium','[\"CVE-2013-2566\",\"CVE-2015-4000\",\"CVE-2016-2183\"]','','2016-12-13 16:51:02','2016-12-13 16:51:02'),(531,'20','3389','tcp','Medium','[\"CVE-2013-2566\",\"CVE-2015-4000\",\"CVE-2016-2183\"]','','2016-12-13 16:51:02','2016-12-13 16:51:02'),(532,'20','3389','tcp','Medium','[\"CVE-2013-2566\",\"CVE-2015-4000\",\"CVE-2016-2183\"]','','2016-12-13 16:51:02','2016-12-13 16:51:02'),(533,'20','9390','tcp','Medium','[\"CVE-2013-2566\",\"CVE-2015-4000\",\"CVE-2016-2183\"]','','2016-12-13 16:51:02','2016-12-13 16:51:02'),(534,'20','443','tcp','Medium','[\"CVE-2013-2566\",\"CVE-2015-4000\",\"CVE-2016-2183\"]','','2016-12-13 16:51:02','2016-12-13 16:51:02'),(535,'20','135','tcp','Medium','[]','','2016-12-13 16:51:02','2016-12-13 16:51:02'),(536,'20','135','tcp','Medium','[]','','2016-12-13 16:51:02','2016-12-13 16:51:02'),(537,'20','135','tcp','Medium','[]','','2016-12-13 16:51:02','2016-12-13 16:51:02'),(538,'20','135','tcp','Medium','[]','','2016-12-13 16:51:02','2016-12-13 16:51:02'),(539,'20','9390','tcp','Medium','[]','','2016-12-13 16:51:02','2016-12-13 16:51:02'),(540,'20','443','tcp','Medium','[]','','2016-12-13 16:51:02','2016-12-13 16:51:02'),(541,'20','9000','tcp','Medium','[]','','2016-12-13 16:51:02','2016-12-13 16:51:02'),(542,'20','4567','tcp','Medium','[]','','2016-12-13 16:51:02','2016-12-13 16:51:02'),(543,'20','9002','tcp','Medium','[]','','2016-12-13 16:51:02','2016-12-13 16:51:02'),(544,'20','9002','tcp','Medium','[]','','2016-12-13 16:51:02','2016-12-13 16:51:02'),(545,'20','3306','tcp','High','[]','','2016-12-13 16:51:02','2016-12-13 16:51:02'),(546,'20','9390','tcp','High','[\"CVE-2013-6765\"]','','2016-12-13 16:51:02','2016-12-13 16:51:02'),(547,'20','general','tcp','High','[]','','2016-12-13 16:51:02','2016-12-13 16:51:02'),(548,'20','9390','tcp','Medium','[\"CVE-2014-3566\"]','','2016-12-13 16:51:02','2016-12-13 16:51:02'),(549,'20','443','tcp','Medium','[\"CVE-2014-3566\"]','','2016-12-13 16:51:02','2016-12-13 16:51:02'),(550,'20','general','tcp','Low','[]','','2016-12-13 16:51:02','2016-12-13 16:51:02'),(551,'20','445','tcp','High','[]','','2016-12-13 16:51:02','2016-12-13 16:51:02'),(552,'20','445','tcp','High','[]','','2016-12-13 16:51:02','2016-12-13 16:51:02'),(553,'20','9999','tcp','Medium','[]','','2016-12-13 16:51:02','2016-12-13 16:51:02'),(554,'20','22','tcp','Medium','[]','','2016-12-13 16:51:02','2016-12-13 16:51:02'),(555,'20','22','tcp','Medium','[]','','2016-12-13 16:51:02','2016-12-13 16:51:02'),(556,'20','22','tcp','Medium','[]','','2016-12-13 16:51:02','2016-12-13 16:51:02'),(557,'20','22','tcp','Medium','[]','','2016-12-13 16:51:02','2016-12-13 16:51:02'),(558,'20','22','tcp','Medium','[]','','2016-12-13 16:51:02','2016-12-13 16:51:02'),(559,'20','22','tcp','Medium','[]','','2016-12-13 16:51:02','2016-12-13 16:51:02'),(560,'20','9999','tcp','Low','[]','','2016-12-13 16:51:02','2016-12-13 16:51:02'),(561,'20','22','tcp','Low','[]','','2016-12-13 16:51:02','2016-12-13 16:51:02'),(562,'20','22','tcp','Low','[]','','2016-12-13 16:51:02','2016-12-13 16:51:02'),(563,'20','22','tcp','Low','[]','','2016-12-13 16:51:02','2016-12-13 16:51:02'),(564,'20','22','tcp','Low','[]','','2016-12-13 16:51:02','2016-12-13 16:51:02'),(565,'20','22','tcp','Low','[]','','2016-12-13 16:51:02','2016-12-13 16:51:02'),(566,'20','22','tcp','Low','[]','','2016-12-13 16:51:02','2016-12-13 16:51:02'),(567,'20','3389','tcp','Medium','[]','','2016-12-13 16:51:02','2016-12-13 16:51:02'),(568,'20','9390','tcp','Medium','[]','','2016-12-13 16:51:02','2016-12-13 16:51:02'),(569,'20','443','tcp','Medium','[]','','2016-12-13 16:51:02','2016-12-13 16:51:02'),(570,'20','443','tcp','Medium','[]','','2016-12-13 16:51:02','2016-12-13 16:51:02'),(571,'20','general','tcp','Low','[]','','2016-12-13 16:51:02','2016-12-13 16:51:02'),(572,'20','general','tcp','Low','[]','','2016-12-13 16:51:02','2016-12-13 16:51:02'),(573,'20','general','tcp','Low','[]','','2016-12-13 16:51:02','2016-12-13 16:51:02'),(574,'20','general','tcp','Low','[]','','2016-12-13 16:51:02','2016-12-13 16:51:02'),(575,'20','general','tcp','Low','[]','','2016-12-13 16:51:02','2016-12-13 16:51:02'),(576,'20','general','tcp','Low','[]','','2016-12-13 16:51:02','2016-12-13 16:51:02'),(577,'21','5989','tcp','Medium','[\"CVE-2013-2566\",\"CVE-2015-4000\",\"CVE-2016-2183\"]','','2016-12-13 16:51:02','2016-12-13 16:51:02'),(578,'21','5989','tcp','Medium','[\"CVE-2013-2566\",\"CVE-2015-4000\",\"CVE-2016-2183\"]','','2016-12-13 16:51:02','2016-12-13 16:51:02'),(579,'21','9002','tcp','Medium','[]','','2016-12-13 16:51:02','2016-12-13 16:51:02'),(580,'21','general','tcp','Low','[]','','2016-12-13 16:51:02','2016-12-13 16:51:02'),(581,'21','9999','tcp','Medium','[]','','2016-12-13 16:51:02','2016-12-13 16:51:02'),(582,'21','22','tcp','Medium','[]','','2016-12-13 16:51:02','2016-12-13 16:51:02'),(583,'21','22','tcp','Medium','[]','','2016-12-13 16:51:02','2016-12-13 16:51:02'),(584,'21','22','tcp','Medium','[]','','2016-12-13 16:51:02','2016-12-13 16:51:02'),(585,'21','9999','tcp','Low','[]','','2016-12-13 16:51:02','2016-12-13 16:51:02'),(586,'21','22','tcp','Low','[]','','2016-12-13 16:51:02','2016-12-13 16:51:02'),(587,'21','22','tcp','Low','[]','','2016-12-13 16:51:02','2016-12-13 16:51:02'),(588,'21','22','tcp','Low','[]','','2016-12-13 16:51:02','2016-12-13 16:51:02'),(589,'21','general','tcp','Low','[]','','2016-12-13 16:51:02','2016-12-13 16:51:02'),(590,'21','general','tcp','Low','[]','','2016-12-13 16:51:02','2016-12-13 16:51:02'),(591,'21','general','tcp','Low','[]','','2016-12-13 16:51:02','2016-12-13 16:51:02'),(592,'22','5989','tcp','Medium','[\"CVE-2013-2566\",\"CVE-2015-4000\",\"CVE-2016-2183\"]','','2016-12-13 16:51:02','2016-12-13 16:51:02'),(593,'22','5989','tcp','Medium','[\"CVE-2013-2566\",\"CVE-2015-4000\",\"CVE-2016-2183\"]','','2016-12-13 16:51:02','2016-12-13 16:51:02'),(594,'22','3389','tcp','Medium','[\"CVE-2013-2566\",\"CVE-2015-4000\",\"CVE-2016-2183\"]','','2016-12-13 16:51:02','2016-12-13 16:51:02'),(595,'22','135','tcp','Medium','[]','','2016-12-13 16:51:02','2016-12-13 16:51:02'),(596,'22','135','tcp','Medium','[]','','2016-12-13 16:51:02','2016-12-13 16:51:02'),(597,'22','9000','tcp','Medium','[]','','2016-12-13 16:51:02','2016-12-13 16:51:02'),(598,'22','4567','tcp','Medium','[]','','2016-12-13 16:51:02','2016-12-13 16:51:02'),(599,'22','9002','tcp','Medium','[]','','2016-12-13 16:51:02','2016-12-13 16:51:02'),(600,'22','3306','tcp','High','[]','','2016-12-13 16:51:02','2016-12-13 16:51:02'),(601,'22','general','tcp','Low','[]','','2016-12-13 16:51:02','2016-12-13 16:51:02'),(602,'22','445','tcp','High','[]','','2016-12-13 16:51:02','2016-12-13 16:51:02'),(603,'22','445','tcp','High','[]','','2016-12-13 16:51:02','2016-12-13 16:51:02'),(604,'22','9999','tcp','Medium','[]','','2016-12-13 16:51:02','2016-12-13 16:51:02'),(605,'22','22','tcp','Medium','[]','','2016-12-13 16:51:02','2016-12-13 16:51:02'),(606,'22','22','tcp','Medium','[]','','2016-12-13 16:51:02','2016-12-13 16:51:02'),(607,'22','22','tcp','Medium','[]','','2016-12-13 16:51:02','2016-12-13 16:51:02'),(608,'22','22','tcp','Medium','[]','','2016-12-13 16:51:02','2016-12-13 16:51:02'),(609,'22','9999','tcp','Low','[]','','2016-12-13 16:51:02','2016-12-13 16:51:02'),(610,'22','22','tcp','Low','[]','','2016-12-13 16:51:02','2016-12-13 16:51:02'),(611,'22','22','tcp','Low','[]','','2016-12-13 16:51:02','2016-12-13 16:51:02'),(612,'22','22','tcp','Low','[]','','2016-12-13 16:51:02','2016-12-13 16:51:02'),(613,'22','22','tcp','Low','[]','','2016-12-13 16:51:02','2016-12-13 16:51:02'),(614,'22','3389','tcp','Medium','[]','','2016-12-13 16:51:02','2016-12-13 16:51:02'),(615,'22','443','tcp','Medium','[]','','2016-12-13 16:51:02','2016-12-13 16:51:02'),(616,'22','general','tcp','Low','[]','','2016-12-13 16:51:02','2016-12-13 16:51:02'),(617,'22','general','tcp','Low','[]','','2016-12-13 16:51:02','2016-12-13 16:51:02'),(618,'22','general','tcp','Low','[]','','2016-12-13 16:51:02','2016-12-13 16:51:02'),(619,'22','general','tcp','Low','[]','','2016-12-13 16:51:02','2016-12-13 16:51:02'),(620,'22','general','tcp','Low','[]','','2016-12-13 16:51:02','2016-12-13 16:51:02');
